comuna,2015_t1,2015_t2,2015_t3,2015_t4,2016_t1,2016_t2,2016_t3,2016_t4,2017_t1,2017_t2,2017_t3,2017_t4,2018_t1,2018_t2,2018_t3,2018_t4,2019_t1,2019_t2,2019_t3,2019_t4,2020_t1,2020_t2,2020_t3,2020_t4,2021_t1,2021_t2,2021_t3,2021_t4,2022_t1,2022_t2,2022_t3,2022_t4,2023_t1,2023_t2,2023_t3,2023_t4,2024_t1,2024_t2,2024_t3,2024_t4,2025_t1,2025_t2,2025_t3,2025_t4,2026_t1,2026_t2
Total,2135.4113285248272,2132.9227504151986,2149.2218982252007,2157.5682373272716,2255.4095059045458,2265.4476528409095,2291.8194750397647,2310.893916929057,2402.3041644970594,2431.924607225896,2508.211596301994,2606.4160730273384,2709.925903006921,2697.637498803144,2717.6248540383717,2727.721168872368,2756.15396854834,2717.630513205311,2673.329276518712,2642.869409443766,2617.6136805136075,2589.5591767664328,2555.4010932375404,2503.4066921719614,2463.2531127122943,2423.5836245042656,2348.479984841336,2280.4924643502777,2221.898765566902,2155.0511725241927,2110.5082108606516,2064.514713008534,2043.2952357040404,2014.0541876589225,1996.29068723258,1990.6441435608265,2009.0050726424543,2017.5036564704637,2063.387517991663,2071.63814318455,2134.6275042659804,2134.2755616040704,2145.7527288453575,2149.8047470536308,2152.978433153625,2159.690767524312
1,2308.902006142065,2229.1512298266857,2321.0135487922153,2300.635302767914,///,2469.4235544530984,2534.021601578446,2452.1630314615672,2602.2079980753297,2671.8387995611465,2672.269540220726,2893.2955346904487,3045.4777891401086,3114.2664711839825,3012.260289237237,2989.2522512149453,3007.7035385293198,2984.799808012281,2738.8711250936362,2742.9083420522375,2719.31170052787,2689.687237718554,2684.3181441087363,2640.1647284171136,2654.109886159377,2584.4297891610395,///,2510.616804709631,2451.9159086385935,2352.0111076128705,///,///,2411.4047540150664,2361.484669448715,2349.10660088086,2349.9028178449844,2391.5036795885426,2427.01773318469,2328.259002058183,2287.460960877757,2318.891183567464,2380.8811731114947,2371.8028683945017,2464.2340158981806,2432.7450161198376,2402.4695090567025
2,2573.132318947342,2578.984958392851,2626.3812901613724,2660.450559123659,2700.6745073035945,2709.079698372502,2772.591743119266,2813.1536137578437,2880.3825674690006,2916.8771311889577,3053.4212644720897,3203.4960931467926,3325.06005012611,3314.777227787929,3312.4379618786115,3305.340005291889,3268.122620023469,3214.6520557289914,3187.994746074239,3197.999143025523,3113.62545444142,3099.891247644578,3003.8571776497256,2946.5971854691734,2916.1151943868467,2789.2838154571987,2683.9814791021577,2628.0585429052276,2592.3539803251238,2517.1893294943943,2495.044486786513,2450.388172130269,2434.510371420298,2428.925640311396,2443.5546013123517,2450.3428600654665,2497.766492079985,2477.5963979341736,2582.507005206371,2586.9566527917323,2687.728354879316,2652.633184931507,2609.5956326063992,2618.785691882608,2590.433002721721,2615.526313029986
3,1702.4224050396833,1691.1923070576045,1695.4603260798574,1699.1221778480779,1777.956406969989,1772.6658227960736,1811.0492296434813,1816.3957640535523,1866.1222981036997,1883.2740569509199,1933.3986910438266,1986.5160160131209,2052.8790687890414,2153.204831931141,2156.1191188872353,2141.4738846416235,2157.0928378894587,2162.210736500192,2102.2555766092764,2094.721631477024,2079.850786106642,2033.8668313543471,2001.6604388996034,1954.1668756549425,1925.7461287875408,1892.7690674402959,1837.9130804597614,1780.260245593739,1724.231821690265,1666.8255381298466,1630.519984346929,1579.2056618364222,1570.0042869160088,1557.9996729247073,1535.6251589951662,1508.9605302741622,1546.048178973845,1558.793671621647,1576.8045153331418,1580.5470638696092,1610.4844739869532,1611.4098552034495,1611.566213592233,1610.3067861173815,1609.4912366048088,1599.2517911328282
4,1712.679615392852,1774.8355929750073,1777.444090261941,1704.35812443892,1810.6053876517228,1788.6935721357033,1790.5513967500456,1812.1780074297158,1869.9536947282081,1861.8501258762417,1907.0972904856321,2043.2630351083703,2024.1633601899873,2041.1265384767141,2128.199168347036,2099.225514918763,2189.118656780979,2147.092549190337,2153.3298506212204,2123.086254558761,2105.15034873186,2030.2006349716473,1996.9112956898912,1993.120396905286,1929.76025472935,1922.0559319839454,1842.2621712658556,1817.2253318604796,1736.5580203501422,1724.3242228562847,1647.1423891831614,1620.10062802402,1612.7665060240963,1603.0592135761854,1631.4490515151683,1611.7410490008624,1615.4247006475418,1589.8177054794521,1620.5524400715735,1610.4862864772076,1605.9183325689569,1611.9431158750692,1656.037037037037,1604.1315642145337,1577.7752627972557,1594.868340101132
5,1987.5864784636822,2001.5618872549019,1998.2265916802326,2041.4237690786329,2053.4017555978976,2071.0560770476886,2106.560654248069,2112.1658073547987,2121.3774597495526,2161.4390079173,2214.2907417894457,2305.7728705897807,2387.318576356501,2472.784022534335,2476.734602343077,2472.160323095475,2502.297692823771,2507.4811521414813,2448.040431790329,2443.529323514256,2486.9539556146897,2410.189280917758,2362.0208425907,2312.5828182476785,2311.6528219858706,2228.59485660769,2167.576290476729,2111.0424916119246,2028.5388442403369,1957.0808511519115,1907.4190585073309,1860.0793863788049,1855.354413067766,1812.6475570032574,1817.4668176664977,1826.2744923113041,1855.3791375829949,1873.7564105338324,1932.7172867907307,1970.986905068176,2007.1519787985026,2032.656848270092,2033.225943205778,2019.2539265799257,2010.7830829117677,1989.1910648846604
6,2109.64703472191,2106.9394592007657,2148.756405640794,2159.5460251252803,2228.57654790802,2182.2220547216775,2275.2319322760713,2306.593316008,2336.3087543734246,2387.50545078472,2410.3743380511173,2540.037998418923,2680.8696444472416,2750.1307596386096,2780.293731553537,2780.142451772562,2773.62567077343,2679.7985291359264,2639.4701173516814,2596.1367218508763,2605.737721602553,2605.7026932187036,2587.342940779749,2504.3960349547665,2452.673943849083,2422.662156121744,2347.15536369682,2289.0957276666823,2231.5567082773973,2162.388360869064,2124.7613291077205,2071.0198450228436,2047.3548126994792,2023.8193503045447,1988.7992912872342,1995.9227372262774,2041.9852009224455,2086.6883112121436,2162.4194528942903,2139.4555491109822,2168.2965808176464,2163.4112015888777,2148.5891641947305,2179.119185827365,2166.8158123749718,2181.0128520947105
7,1774.3606196718306,1769.807868252516,1777.9794171426722,1815.3022474908762,1879.2816645647308,1912.226189937368,1941.0325771921011,1962.7123947327248,1963.3178316589158,2024.3597077392023,2063.345718309537,2136.6927918793804,2223.797826355984,2267.633200942445,2261.4371055850766,2239.78723337172,2347.8964257263724,2307.605217787771,2267.0054287799485,2227.67507604048,2205.5117330209005,2195.7161256060062,2126.5386639107996,2099.8796149608215,2125.6111274914497,2035.6477643036487,2012.552236703367,1967.6565429852174,1940.8222746022393,1896.88850273069,1826.230414641382,1815.3302186379472,1790.5791871580336,1747.1221219050624,1698.303758629173,1683.6080354239111,1712.9217711022452,1710.6299157826745,1757.2121522307448,1783.370111656508,1825.509946101333,1859.4212631578948,1900.9815997641626,1837.0951324403538,1812.8231886760886,1799.7062428358265
8,1071.1701526286038,1092.9737753587333,1043.1245177963494,1133.007475560667,1143.2790134915635,1127.7555136397598,1245.2848252752513,1162.3664937142228,1273.1764461090304,1266.532221174767,1282.5836729104442,1339.2772355579002,1297.9032477191417,1302.719514508262,1320.0953033417957,1276.4967385504256,1480.2124669312168,1368.7739914213696,1409.9031523946567,1312.3147572054545,1149.9970582219894,1200.5301004809926,1169.588840691213,1126.9266745894702,1103.190970933828,1146.2409232015116,1134.9159420369276,1093.6246457143977,1103.3328597967436,1071.260554412773,1061.5786402100962,1053.2681945124343,1023.8911671924291,1028.9341924869757,1000.9847155140409,973.6221452639461,996.594497714849,1015.9124325330356,1017.896045959557,1018.5474141754635,1094.2683790897977,1058.424204556378,1093.5335558678848,1067.848338592909,1074.694109183918,1035.9018931266096
9,1621.164863144494,1621.4432989690722,1670.1743462017434,1671.4658577878104,1686.6646634512783,1685.8988736044657,1724.6643651706943,1782.7329192546583,1768.9355197331852,1774.3281644560755,1831.8779690482925,1850.382899380702,1905.4005254148049,1926.214121716799,2042.9255687977602,2059.367177446793,2077.1414666053874,1973.734764728451,1996.422009076116,2024.4593405626554,2086.059970253904,1984.6122752634842,1926.138178415471,1883.5378710317539,1894.3720104191334,1912.4574506543272,1862.9374338615646,1807.1104054134266,1806.1553226810543,1785.5929175642304,1727.6373128954272,1707.8482608302877,1697.8268177175225,1687.8060500602328,1660.5953180930114,1649.2274920049867,1665.8040570664289,1648.2084718046103,1633.7560120386265,1606.2534351145039,1706.9157924067204,1708.6822337533977,1659.7745456656796,1600.7025965652658,1638.380167091527,1662.879545797092
10,1758.26675439421,1772.3685350428832,1776.1368942011393,1813.098695692722,1866.3616829140558,1852.5964203927108,1882.4675795117003,1865.3230064880183,1932.5759405995457,1957.2581771872524,1969.121149211658,2009.5362906150715,2083.4663795908564,2197.462270614588,2158.7691261871714,2224.659914302222,2209.108442140932,2190.2414560008424,2179.790991240653,2152.0356242007456,2138.2261148619205,2104.2323632299267,2155.9078137626657,2165.7613082058515,2093.630614160779,2111.458357714063,2068.8794229892487,1987.7737837655725,1942.9318531453994,1890.946097570221,1855.178036956369,1823.1222037190923,1797.2979817965968,1786.6472971085348,1756.161955290332,1758.2247899159663,1731.7695567567569,1713.9822388310379,1732.2610467561458,1764.8502611992049,1805.4026846054123,1787.5947366225967,1801.3901178167828,1767.315999455955,1784.9714597274408,1820.3440464552762
11,1896.837810084851,1923.6605814454417,1977.0319923432044,1965.3856282143615,2033.673952027549,1998.9546735116508,2044.6321926765474,2064.6136627133083,2134.7439939178917,2148.7832023158016,2217.2348485986836,2326.1532018949265,2428.215063154731,2574.682062162337,2618.132400942816,2637.9073299885617,2616.082046040586,2591.8072973462404,2457.542392740064,2549.1916937490264,2551.154517371215,2522.7840516643473,2457.0871245287135,2369.7682732076287,2318.9811011243637,2307.9296986115814,2245.516548302286,2194.174700194237,2119.4983185024257,2078.0026000886396,2059.139481519928,2033.14609162386,2051.024375299696,2021.994956714043,1991.6043275418276,2008.8486737988226,2054.6492635612503,2058.7408529197965,2070.934892235365,2043.7509772142243,2190.2685923866698,2092.433556171531,2082.139366686582,2125.557374740326,2166.883971368489,2207.044073960335
12,2236.8594801024174,2258.4397567296496,2278.473414962971,2278.13866466971,2371.851209750211,2391.666120684007,2439.9520187841354,2446.2585122723963,2512.0484207660193,2607.6983663898764,2721.2521342237515,2825.0546167360408,2943.085883957845,3062.7017709147904,3115.1556198393,3134.6335462922075,3115.275766714182,3253.8150567316547,3184.5399291065655,3072.804703014819,3048.0985818328018,3021.011736346183,2999.45388610202,2874.937125116681,2759.7300091811308,2742.8245721529684,2689.0936814289844,2585.136266656296,2510.112772978261,2444.635041102432,2422.7490759047537,2387.2007972707197,2377.0146361789675,2332.0308118148378,2307.044832884608,2295.1388870317132,2326.9570012824997,2323.9739313244568,2450.446808263313,2449.2114060417593,2524.5245267860246,2494.9825101072242,2500.2451674803174,2509.0421762703318,2558.50785195694,2649.051234423185
13,2449.937101013894,2425.9651384552767,2465.6027880724946,2553.999520071304,2611.9263038712375,2623.4576958715593,2716.3574244415245,2753.251700322068,2848.043508042011,2913.8075394240236,3087.850041272623,3240.0061863797655,3339.886938943577,3434.5268718093002,3410.760085994685,3388.333873350587,3387.062390016047,3270.1848030451,3164.555965081047,3126.5703660616705,3161.884727620196,3060.021113182387,3012.978965286916,2956.8949310763132,2898.4462699451424,2827.7208751913354,2728.962592688312,2682.4487588138713,2602.9659013632977,2553.427147921069,2536.108669325719,2493.704873352846,2439.573882375992,2413.1072068994963,2434.976995140608,2467.864632487045,2475.557343794281,2496.8091113779647,2570.791001663027,2573.4386240015683,2716.493274458022,2679.0929595788452,2724.5391173087983,2741.889769626915,2766.0772488984535,2798.6348957862238
14,2608.9185253822225,2691.866663453027,2687.068593475589,2688.5834451300334,2801.8920300931545,2847.305825074463,2942.09846364169,2984.7476299015134,3145.2446134347274,3065.2379953725113,3188.239198781175,3333.0413334617974,3600.830736947729,3494.553974494106,3476.527459629445,3471.9681382516314,3412.7863266701315,3426.4574447936257,3316.68070030546,3323.3812081097853,3192.9852101085103,3119.021669364055,3142.0315603532426,3064.6745369887176,3006.379611912141,2939.045052703162,2850.504876751218,2808.967543305153,2775.783420970545,2715.1212280241407,2665.841106541347,2689.750502855255,2640.476756829468,2613.7258052340353,2580.831220762106,2585.453409057642,2654.533146886794,2681.68345334556,2764.369798245363,2760.613840577503,2774.042552932796,2785.0964380586174,2841.7810860885675,2874.9941518151813,2879.219009827763,2855.3067084299655
15,2006.3655546623795,2022.9522670862,2017.432391635347,2011.8443240581137,2100.9394477347987,2103.368394397753,2116.2051735139644,2177.1420497492563,2227.6731648292553,2260.435663175385,2382.1212545036806,2491.775601068566,2550.1702422089916,2600.6720607114794,2682.6971462313554,2683.4071488072095,2670.2259172394333,2590.2733475849213,2618.205236169693,2556.2360825836795,2511.916373123053,2514.5498203402326,2436.904720874184,2393.039307630643,2381.8546827309237,2325.845508798776,2267.50041684875,2201.2410512408624,2167.4245701411123,2110.2215347432025,2026.9459533402974,1999.8227312043139,1996.5119436875568,2001.6976090014064,1941.2527443083025,1972.3027359293103,2015.3389918115292,2117.6401069801927,2147.340021148668,2135.550505393121,2279.67964829823,2234.158171354748,2156.759024792415,2180.601486225981,2248.266567478403,2257.6172975923423
