comuna,2006,2007,2008,2009,2010,2011,2012,2013,2014,2015,2016,2017,2018,2019,2020,2021,2022,2023,2024,2025
Total,43582,42183,45122,43584,44347,44257,42706,42638,42709,40913,38954,35021,34640,33397,27529,25560,24085,23760,21366,20444
1,3217,3261,3498,3250,3324,3173,3372,3273,3273,3282,3127,2854,2847,3079,2374,2193,2101,2100,1791,1726
2,1844,1820,1787,1751,1782,1830,1758,1728,1840,1770,1707,1597,1608,1576,1388,1386,1400,1469,1322,1217
3,3019,2859,3081,2956,2863,2882,2776,2774,2775,2572,2501,2254,2199,2125,1913,1723,1571,1489,1493,1430
4,4807,4665,5126,4066,4232,4240,4164,4081,4147,4020,3615,3288,3332,3076,2536,2289,2093,2053,1858,1779
5,2507,2296,2425,2307,2466,2357,2261,2311,2239,2101,2173,1789,1757,2099,1446,1370,1277,1170,1084,1000
6,2367,2247,2348,2209,2200,2312,2233,2196,2264,2105,2098,1896,1775,1659,1430,1291,1235,1108,1065,1016
7,3050,3033,3070,4030,4189,4173,3937,4044,3879,3735,3391,3069,3003,2805,2286,2137,2062,1864,1733,1692
8,3722,3952,4461,4669,4291,4352,4257,4295,4244,4038,3597,3246,3160,2804,2465,2286,2005,2118,1900,1815
9,2790,2728,2913,2747,2852,2894,2625,2574,2456,2464,2178,1918,2012,1808,1457,1361,1202,1111,994,993
10,2412,2300,2404,2354,2399,2254,2183,2125,2090,2070,1980,1757,1641,1578,1270,1181,1111,1046,890,933
11,2499,2350,2568,2249,2386,2370,2276,2329,2261,2218,2135,1825,1810,1722,1393,1309,1196,1084,990,983
12,2559,2383,2648,2619,2756,2724,2585,2762,2929,2563,2591,2298,2309,2191,1794,1634,1571,1455,1204,1157
13,3236,3027,3242,3038,3083,3073,2885,2943,2919,2778,2731,2554,2466,2440,1980,1914,1723,1806,1662,1555
14,3038,2783,2930,2862,2919,3017,2893,2829,2951,2860,2891,2602,2595,2463,2239,2087,2137,2578,2207,2042
15,2515,2479,2621,2477,2605,2606,2501,2374,2442,2337,2239,2074,2126,1972,1558,1399,1401,1309,1173,1106
